{
  "experiment": "03-methodological-consistency",
  "timestamp": "2026-01-30T22:02:21.515092",
  "parameters": {
    "rho_default": 0.8,
    "k_max": 10,
    "n_neighbors": 8,
    "training_n_max": 500,
    "test_matrix": [
      [
        50,
        20
      ],
      [
        100,
        20
      ],
      [
        200,
        20
      ],
      [
        300,
        15
      ],
      [
        500,
        15
      ],
      [
        750,
        15
      ],
      [
        1000,
        15
      ]
    ]
  },
  "scaling_data": {
    "N_values": [
      50,
      100,
      200,
      300,
      500,
      750,
      1000
    ],
    "delta_means": [
      0.25290451871953773,
      0.28155444342727126,
      0.35573040864066374,
      0.18504780840806856,
      0.4445274362292386,
      0.32802363949472146,
      0.4607288527503103
    ],
    "delta_stds": [
      0.3475999249424647,
      0.3919583556726272,
      0.3121881265495851,
      0.5592364320262582,
      0.27692356458053036,
      0.6170828473595769,
      0.40485673039570746
    ],
    "delta_ses": [
      0.07772570611451758,
      0.08764455276330348,
      0.06980738727331791,
      0.1443942258553436,
      0.07150135691951921,
      0.15933010607025963,
      0.1045335582948374
    ],
    "delta_by_n": {
      "50": [
        0.0,
        0.42857142857142855,
        0.6495892150861766,
        0.5,
        0.49085404063927845,
        -0.25,
        0.2,
        -0.75,
        0.0,
        0.45950455258592715,
        0.4889686051458219,
        0.2,
        0.0,
        0.42857142857142855,
        0.0,
        0.0,
        0.42857142857142855,
        0.6363636363636364,
        0.6562999164253597,
        0.4907961224302687
      ],
      "100": [
        0.5604645824449984,
        0.0,
        0.2,
        0.4149218092052834,
        0.5,
        0.5177944006521551,
        -0.25,
        -0.8333333333333334,
        0.4399638271488513,
        0.0,
        0.6655418019264555,
        -0.5,
        0.5795631301586653,
        0.5686440433755583,
        0.5555555555555556,
        0.4444444444444444,
        0.3686845600015181,
        0.4,
        0.42857142857142855,
        0.5702726183938439
      ],
      "200": [
        0.5693734512402162,
        0.41164473185300765,
        0.6230614503942962,
        -0.25,
        0.5726442525109867,
        0.2,
        0.16666666666666666,
        0.6556083805269607,
        0.665616997153378,
        0.2,
        -0.5,
        0.6633070009745615,
        0.2857142857142857,
        0.5314383564749434,
        0.26135885033425565,
        0.4158073134440759,
        0.3995882903288735,
        0.6168572620457035,
        0.6259208831510634,
        0.0
      ],
      "300": [
        0.0,
        0.5647793161092778,
        0.07023480991211511,
        0.5723696929236659,
        0.6620108278685469,
        -1.5,
        0.656098963460057,
        0.09090909090909091,
        0.5451200175021329,
        0.0,
        0.5796909663217676,
        0.45392431301614433,
        0.0,
        -0.5,
        0.5805791280982299
      ],
      "500": [
        0.6573832303453055,
        0.0,
        0.6547413850065072,
        0.6618535353563976,
        0.4021039098773986,
        0.5679644378831719,
        0.5385954107267382,
        0.3333333333333333,
        -0.25,
        0.6550684191782378,
        0.6327413516241744,
        0.07533707458847838,
        0.4522434763454747,
        0.6323921295334483,
        0.6541538496399136
      ],
      "750": [
        0.2,
        0.6581203110789902,
        0.5779903330578613,
        0.5985741191039118,
        0.0,
        0.6492977051913258,
        0.6104061258227564,
        0.40769534792349266,
        0.6534209373950013,
        0.6568607230667974,
        0.5908458481494314,
        -1.75,
        0.6617071295975268,
        -0.25,
        0.6554360120337276
      ],
      "1000": [
        0.24814307208083938,
        0.6584627670340327,
        0.4875040332386982,
        0.5536229057965144,
        0.6540616381102715,
        0.6486465994245962,
        -1.0,
        0.6590023017801345,
        0.4818453698749306,
        0.46043652371955635,
        0.6330687975820902,
        0.5999153869146341,
        0.556958060450234,
        0.6344206986263895,
        0.6348446366217343
      ]
    }
  },
  "validation": {
    "method_agreement_rate": 0.3333333333333333,
    "mean_stress": 60339.14045260691,
    "continuity_preserved": true,
    "n_valid_samples": 120
  },
  "models": {
    "log_model": {
      "a": 0.05070391608041319,
      "b": 0.04299101041094862,
      "se_a": 0.056234960017537826,
      "se_b": 0.29300321528760087,
      "r2": 0.213210089333302,
      "residuals": [
        0.011558622136714602,
        0.0050632703699616255,
        0.04409395910886771,
        -0.14714730993877956,
        0.08643145832323501
      ],
      "predictions": [
        0.24134589658282313,
        0.27649117305730964,
        0.31163644953179603,
        0.3321951183468481,
        0.3580959779060036
      ],
      "valid": true,
      "model": "log",
      "formula": "delta = 0.0507 * log(N) + 0.0430"
    },
    "sqrt_model": {
      "c": 0.008502502732814641,
      "d": 0.1833969719543855,
      "r2": 0.26374991907559886,
      "residuals": [
        0.009385773370848366,
        0.013132444144739353,
        0.05208988989767055,
        -0.14561683079359877,
        0.07100872338034042
      ],
      "predictions": [
        0.24351874534868936,
        0.2684219992825319,
        0.3036405187429932,
        0.33066463920166733,
        0.3735187128488982
      ],
      "valid": true,
      "model": "sqrt",
      "formula": "delta = 0.0085 * sqrt(N) + 0.1834"
    },
    "comparison": {
      "winner": "sqrt",
      "winner_r2": 0.26374991907559886,
      "log_r2": 0.213210089333302,
      "sqrt_r2": 0.26374991907559886,
      "delta_r2": 0.05053982974229687
    }
  },
  "prediction_test": {
    "delta_predicted_1000": 0.39324125438049007,
    "delta_measured_1000": 0.4607288527503103
  },
  "predictions": {
    "P1": {
      "prediction": "P1",
      "description": "Monotonic Scaling",
      "passed": false,
      "threshold": 0.85,
      "measured": 0.642857142857143,
      "p_value": 0.11939237342741109,
      "criterion": "Spearman r(N, delta) > 0.85"
    },
    "P2": {
      "prediction": "P2",
      "description": "Logarithmic Scaling",
      "passed": false,
      "threshold": 0.8,
      "measured": 0.213210089333302,
      "formula": "delta = 0.0507 * log(N) + 0.0430",
      "criterion": "R^2 > 0.8 for log fit"
    },
    "P3": {
      "prediction": "P3",
      "description": "Method Consistency",
      "passed": true,
      "threshold": 0.15,
      "measured": 0.11650379673451716,
      "delta_500": 0.4445274362292386,
      "delta_750": 0.32802363949472146,
      "criterion": "|delta(750) - delta(500)| < 0.15"
    },
    "P4": {
      "prediction": "P4",
      "description": "Predictive Validity",
      "passed": true,
      "threshold": 0.3,
      "measured": 0.14648007817820513,
      "delta_predicted": 0.39324125438049007,
      "delta_measured": 0.4607288527503103,
      "criterion": "|delta_pred - delta_meas| / |delta_meas| < 0.3"
    },
    "P5": {
      "prediction": "P5",
      "description": "Non-Saturation",
      "passed": true,
      "threshold": 0.0,
      "measured": 0.016201416521071654,
      "delta_500": 0.4445274362292386,
      "delta_1000": 0.4607288527503103,
      "criterion": "delta(1000) > delta(500)"
    },
    "P6": {
      "prediction": "P6",
      "description": "Variance Reduction",
      "passed": false,
      "threshold": 0.05,
      "measured": 0.08764455276330348,
      "criterion": "SE(delta) at N=100 < 0.05"
    }
  },
  "summary": {
    "predictions_passed": 3,
    "predictions_total": 6,
    "status": "weak_signal",
    "p1_monotonicity": false,
    "p2_log_scaling": false,
    "p3_consistency": true,
    "p4_predictive": true,